1,Steinfort,MacGillicuddy,Donni,Female,251.88.66.108
2,Konstantynów,Griffith,Berni,Female,108.73.13.160
3,Maguwon,Deners,Maiga,Female,42.180.228.42
4,Camajuaní,MacKeague,Demetris,Female,9.101.173.71
5,Guangshun,MacComiskey,Cam,Male,110.246.206.240
6,Xincheng,Nibley,Winifred,Female,129.50.163.223
7,Akankpa,Hamsley,Dierdre,Female,7.98.124.131
8,Tangnan,Latimer,Rozina,Female,254.243.60.220
9,Banyulegi,Sansom,Bobbi,Female,34.102.216.37
10,Fuenlabrada,Wallsworth,Gilligan,Female,82.20.14.19
11,Yanjiatai,Wardhaugh,Natale,Male,110.159.24.65
12,Koíla,Greathead,Ikey,Male,17.229.170.170
13,Fontenay-sous-Bois,Reichert,Leyla,Female,108.133.74.95
14,Yumbo,Ace,Renato,Male,0.125.121.210
15,Davydovo,Bourke,Sheba,Female,84.69.24.207
16,Ilhéus,Vanlint,Tirrell,Male,229.80.10.140
17,Västerås,Epsly,Cullie,Male,156.224.77.172
18,Beitai,Baitman,Reider,Male,55.184.230.88
19,Brok,Oret,Omar,Male,139.53.144.69
20,Wates,Maunder,Woodman,Male,128.189.141.108
21,Paris 14,Etchells,Tally,Male,24.7.195.238
22,Qal‘ah-ye Kuhnah,Godthaab,Sibella,Female,73.173.111.200
23,Anaheim,Scading,Cozmo,Male,154.99.2.150
24,Bobojong,Mercey,Adelaida,Female,174.15.218.73
25,Newport Beach,Porch,Sophey,Female,137.36.36.48
26,Fizuli,MacVagh,Gilli,Female,228.171.63.41
27,Nyahururu,Tregea,Jeno,Male,79.159.61.123
28,Anren,Westnedge,Rogerio,Male,189.238.117.62
29,Ad Dabbah,Houlison,Ainslie,Female,244.240.136.109
30,Herby,Burgess,Gael,Male,236.31.225.65
31,Sidi Yahia el Gharb,Alvarez,Amalia,Female,10.31.50.104
32,Moyuan,Gyppes,Dun,Male,195.79.50.174
33,Yangying,Gouldstraw,Evanne,Female,233.152.248.81
34,Muramvya,Cavnor,Mignon,Female,219.2.169.92
35,Taoudenni,Milliken,Lon,Male,149.171.69.31
36,Corinto,Cadell,Laverna,Female,82.25.189.88
37,Huangmei,Kacheler,Skippy,Male,46.209.152.240
38,Hualin,Di Carlo,Desirae,Female,60.179.95.255
39,Sasebo,Fragino,Foster,Male,102.50.3.32
40,Estique,Tottman,Aura,Female,228.29.144.243
41,Mhlambanyatsi,Iowarch,Freddie,Female,203.60.0.226
42,Xinxing,Grevile,Caleb,Male,191.155.25.111
43,Mariel,Labon,Claude,Female,12.36.23.75
44,Changhao,Klimt,Billy,Male,197.131.82.9
45,Hřebeč,Kubek,Pennie,Female,150.118.96.221
46,Mautapaga Bawah,Trownson,Maureen,Female,54.60.181.139
47,San Diego,Rimer,Halli,Female,35.49.21.37
48,Zyuzino,Fardy,Zaria,Female,107.185.219.244
49,Waso,Morfey,Sunny,Male,193.8.234.91
50,Dobšice,Pinnell,Johnny,Male,66.253.24.191
